Lag,Correlation,p-value,Significant
1,0.011358835849739244,0.5568293990208018,No
2,-0.02280229393036078,0.23824413696219301,No
3,0.005135595652425318,0.7905916946024059,No
4,0.023664665419898055,0.221123810267064,No
5,-0.014310214468018518,0.4594920197123136,No
6,-0.03811298365976692,0.04880675221232375,Yes
7,0.009420320404287842,0.626447965642665,No
8,0.024374075650401315,0.2079250505010588,No
9,-0.013972086676388376,0.47050144241501807,No
10,-0.012683810092581299,0.5124709606732829,No
